Position,count,percentage
Attaccante,2160,75.9493670886076
Ala destra,294,10.337552742616033
Ala sinistra,307,10.79465541490858
Seconda punta,83,2.9184247538677917
