Position,count,percentage
Terzino Sinistro,40180,23.300182666937282
Terzino destro,39760,23.05662675055815
Difensore centrale,92505,53.643190582504566
