Position,count,percentage
Difensore centrale,2643,53.643190582504566
Terzino destro,1136,23.05662675055815
Terzino Sinistro,1148,23.300182666937282
